{
    "name": "root",
    "gauges": {
        "LilBoat.Policy.Entropy.mean": {
            "value": 0.09007053822278976,
            "min": 0.06500455737113953,
            "max": 1.1348577737808228,
            "count": 291
        },
        "LilBoat.Policy.Entropy.sum": {
            "value": 180.77157592773438,
            "min": 129.8791046142578,
            "max": 2277.65966796875,
            "count": 291
        },
        "LilBoat.Step.mean": {
            "value": 1267998.0,
            "min": 687996.0,
            "max": 1267998.0,
            "count": 291
        },
        "LilBoat.Step.sum": {
            "value": 1267998.0,
            "min": 687996.0,
            "max": 1267998.0,
            "count": 291
        },
        "LilBoat.Policy.ExtrinsicValue.mean": {
            "value": -0.1331198662519455,
            "min": -0.18468420207500458,
            "max": 0.0256555937230587,
            "count": 291
        },
        "LilBoat.Policy.ExtrinsicValue.sum": {
            "value": -26.623973846435547,
            "min": -37.306209564208984,
            "max": 5.156774520874023,
            "count": 291
        },
        "LilBoat.Losses.PolicyLoss.mean": {
            "value": 0.23173175866866888,
            "min": -0.027337822597672635,
            "max": 0.37956558160795617,
            "count": 291
        },
        "LilBoat.Losses.PolicyLoss.sum": {
            "value": 46.346351733733776,
            "min": -5.467564519534527,
            "max": 75.15398515837532,
            "count": 291
        },
        "LilBoat.Losses.ValueLoss.mean": {
            "value": 6.168979664774903e-05,
            "min": 4.1145442637616264e-05,
            "max": 0.0020581834425288737,
            "count": 291
        },
        "LilBoat.Losses.ValueLoss.sum": {
            "value": 0.012337959329549807,
            "min": 0.008229088527523253,
            "max": 0.407520321620717,
            "count": 291
        },
        "LilBoat.Losses.Q1Loss.mean": {
            "value": 3.9100851210582145e-05,
            "min": 3.3620288377768564e-05,
            "max": 0.0016904280712215561,
            "count": 291
        },
        "LilBoat.Losses.Q1Loss.sum": {
            "value": 0.007820170242116429,
            "min": 0.006724057675553712,
            "max": 0.3380856142443112,
            "count": 291
        },
        "LilBoat.Losses.Q2Loss.mean": {
            "value": 3.8830618029782786e-05,
            "min": 3.264730658945195e-05,
            "max": 0.0016050528852928903,
            "count": 291
        },
        "LilBoat.Losses.Q2Loss.sum": {
            "value": 0.007766123605956557,
            "min": 0.00652946131789039,
            "max": 0.32101057705857805,
            "count": 291
        },
        "LilBoat.Policy.DiscreteEntropyCoeff.mean": {
            "value": 0.005863645223141021,
            "min": 0.0023918530384930874,
            "max": 0.009921650195331467,
            "count": 291
        },
        "LilBoat.Policy.DiscreteEntropyCoeff.sum": {
            "value": 1.1727290446282042,
            "min": 0.4783706076986175,
            "max": 1.9157839005046964,
            "count": 291
        },
        "LilBoat.Policy.ContinuousEntropyCoeff.mean": {
            "value": 0.009999999776482582,
            "min": 0.009999999776482582,
            "max": 0.009999999776482582,
            "count": 291
        },
        "LilBoat.Policy.ContinuousEntropyCoeff.sum": {
            "value": 1.9999999552965164,
            "min": 1.099999975413084,
            "max": 2.199999950826168,
            "count": 291
        },
        "LilBoat.Policy.LearningRate.mean": {
            "value": 0.0003,
            "min": 0.0003,
            "max": 0.00030000000000000003,
            "count": 291
        },
        "LilBoat.Policy.LearningRate.sum": {
            "value": 0.05999999999999999,
            "min": 0.033,
            "max": 0.066,
            "count": 291
        },
        "LilBoat.IsTraining.mean": {
            "value": 1.0,
            "min": 1.0,
            "max": 1.0,
            "count": 291
        },
        "LilBoat.IsTraining.sum": {
            "value": 1.0,
            "min": 1.0,
            "max": 1.0,
            "count": 291
        },
        "LilBoat.Environment.EpisodeLength.mean": {
            "value": 5142.0,
            "min": 243.0,
            "max": 16938.0,
            "count": 192
        },
        "LilBoat.Environment.EpisodeLength.sum": {
            "value": 5142.0,
            "min": 279.0,
            "max": 33876.0,
            "count": 192
        },
        "LilBoat.Environment.CumulativeReward.mean": {
            "value": 14.228600521368207,
            "min": -7.487799805603572,
            "max": 31.261599606114032,
            "count": 189
        },
        "LilBoat.Environment.CumulativeReward.sum": {
            "value": 14.228600521368207,
            "min": -13.869600131693005,
            "max": 34.27800033803942,
            "count": 189
        },
        "LilBoat.Policy.ExtrinsicReward.mean": {
            "value": 14.228600521368207,
            "min": -7.487799805603572,
            "max": 31.261599606114032,
            "count": 189
        },
        "LilBoat.Policy.ExtrinsicReward.sum": {
            "value": 14.228600521368207,
            "min": -13.869600131693005,
            "max": 34.27800033803942,
            "count": 189
        }
    },
    "metadata": {
        "timer_format_version": "0.1.0",
        "start_time_seconds": "1641733945",
        "python_version": "3.9.7 (default, Sep 16 2021, 16:59:28) [MSC v.1916 64 bit (AMD64)]",
        "command_line_arguments": "D:\\anaconda3\\envs\\unity_rl\\Scripts\\mlagents-learn training.yaml --run-id Sail14 --resume",
        "mlagents_version": "0.27.0",
        "mlagents_envs_version": "0.27.0",
        "communication_protocol_version": "1.5.0",
        "pytorch_version": "1.10.0",
        "numpy_version": "1.21.2",
        "end_time_seconds": "1641740416"
    },
    "total": 6470.2715799,
    "count": 1,
    "self": 0.01660879999963072,
    "children": {
        "run_training.setup": {
            "total": 0.2009998999999998,
            "count": 1,
            "self": 0.2009998999999998
        },
        "TrainerController.start_learning": {
            "total": 6470.0539712,
            "count": 1,
            "self": 11.274328099842933,
            "children": {
                "TrainerController._reset_env": {
                    "total": 20.4232509,
                    "count": 1,
                    "self": 20.4232509
                },
                "TrainerController.advance": {
                    "total": 6437.561640900156,
                    "count": 194334,
                    "self": 5.8390325002246755,
                    "children": {
                        "env_step": {
                            "total": 6431.722608399931,
                            "count": 194334,
                            "self": 4396.496571300162,
                            "children": {
                                "SubprocessEnvManager._take_step": {
                                    "total": 2029.3675316998301,
                                    "count": 194334,
                                    "self": 35.255499599914856,
                                    "children": {
                                        "TorchPolicy.evaluate": {
                                            "total": 1994.1120320999153,
                                            "count": 194334,
                                            "self": 557.7832937000817,
                                            "children": {
                                                "TorchPolicy.sample_actions": {
                                                    "total": 1436.3287383998336,
                                                    "count": 194334,