{
    "name": "root",
    "gauges": {
        "LilBoat.Policy.Entropy.mean": {
            "value": 0.5184757113456726,
            "min": 0.3859419524669647,
            "max": 1.709415316581726,
            "count": 77
        },
        "LilBoat.Policy.Entropy.sum": {
            "value": 1033.3221435546875,
            "min": 763.3931884765625,
            "max": 3644.188232421875,
            "count": 77
        },
        "LilBoat.Step.mean": {
            "value": 153999.0,
            "min": 1990.0,
            "max": 153999.0,
            "count": 77
        },
        "LilBoat.Step.sum": {
            "value": 153999.0,
            "min": 1990.0,
            "max": 153999.0,
            "count": 77
        },
        "LilBoat.Policy.ExtrinsicValue.mean": {
            "value": -0.17795710265636444,
            "min": -0.2032230645418167,
            "max": 0.030765090137720108,
            "count": 77
        },
        "LilBoat.Policy.ExtrinsicValue.sum": {
            "value": -35.94733428955078,
            "min": -40.847835540771484,
            "max": 6.214548110961914,
            "count": 77
        },
        "LilBoat.Losses.PolicyLoss.mean": {
            "value": 0.33291091799084893,
            "min": -0.15435323196658182,
            "max": 0.40172600617530346,
            "count": 77
        },
        "LilBoat.Losses.PolicyLoss.sum": {
            "value": 65.91636176218809,
            "min": -30.40758669741662,
            "max": 79.54174922271008,
            "count": 77
        },
        "LilBoat.Losses.ValueLoss.mean": {
            "value": 0.00010941035807171624,
            "min": 2.7386110609617834e-05,
            "max": 0.003547659536276938,
            "count": 77
        },
        "LilBoat.Losses.ValueLoss.sum": {
            "value": 0.021663250898199815,
            "min": 0.005477222121923567,
            "max": 0.6988889286465568,
            "count": 77
        },
        "LilBoat.Losses.Q1Loss.mean": {
            "value": 0.0002808373231982396,
            "min": 1.814081235378876e-05,
            "max": 0.006456934390267873,
            "count": 77
        },
        "LilBoat.Losses.Q1Loss.sum": {
            "value": 0.05560578999325144,
            "min": 0.003628162470757752,
            "max": 1.272016074882771,
            "count": 77
        },
        "LilBoat.Losses.Q2Loss.mean": {
            "value": 0.00026224191965866435,
            "min": 2.216196198924047e-05,
            "max": 0.010692336666440904,
            "count": 77
        },
        "LilBoat.Losses.Q2Loss.sum": {
            "value": 0.05192390009241554,
            "min": 0.004432392397848094,
            "max": 2.106390323288858,
            "count": 77
        },
        "LilBoat.Policy.DiscreteEntropyCoeff.mean": {
            "value": 0.002511959874607755,
            "min": 0.0021654334358039034,
            "max": 0.009725969113612907,
            "count": 77
        },
        "LilBoat.Policy.DiscreteEntropyCoeff.sum": {
            "value": 0.4973680551723355,
            "min": 0.4309212537249768,
            "max": 1.9160159153817427,
            "count": 77
        },
        "LilBoat.Policy.ContinuousEntropyCoeff.mean": {
            "value": 0.009999999776482582,
            "min": 0.009999999776482582,
            "max": 0.009999999776482582,
            "count": 77
        },
        "LilBoat.Policy.ContinuousEntropyCoeff.sum": {
            "value": 1.9799999557435513,
            "min": 1.9699999559670687,
            "max": 2.1899999510496855,
            "count": 77
        },
        "LilBoat.Policy.LearningRate.mean": {
            "value": 0.00030000000000000003,
            "min": 0.0003,
            "max": 0.00030000000000000003,
            "count": 77
        },
        "LilBoat.Policy.LearningRate.sum": {
            "value": 0.0594,
            "min": 0.0591,
            "max": 0.0657,
            "count": 77
        },
        "LilBoat.IsTraining.mean": {
            "value": 1.0,
            "min": 1.0,
            "max": 1.0,
            "count": 77
        },
        "LilBoat.IsTraining.sum": {
            "value": 1.0,
            "min": 1.0,
            "max": 1.0,
            "count": 77
        },
        "LilBoat.Environment.EpisodeLength.mean": {
            "value": 411.0,
            "min": 311.75,
            "max": 4021.0,
            "count": 67
        },
        "LilBoat.Environment.EpisodeLength.sum": {
            "value": 1233.0,
            "min": 364.0,
            "max": 8042.0,
            "count": 67
        },
        "LilBoat.Environment.CumulativeReward.mean": {
            "value": -1.0340333191367488,
            "min": -9.44509993292498,
            "max": 4.886299849218631,
            "count": 67
        },
        "LilBoat.Environment.CumulativeReward.sum": {
            "value": -3.102099957410246,
            "min": -28.33529979877494,
            "max": 8.369100203322887,
            "count": 67
        },
        "LilBoat.Policy.ExtrinsicReward.mean": {
            "value": -1.0340333191367488,
            "min": -9.44509993292498,
            "max": 4.886299849218631,
            "count": 67
        },
        "LilBoat.Policy.ExtrinsicReward.sum": {
            "value": -3.102099957410246,
            "min": -28.33529979877494,
            "max": 8.369100203322887,
            "count": 67
        }
    },
    "metadata": {
        "timer_format_version": "0.1.0",
        "start_time_seconds": "1641726569",
        "python_version": "3.9.7 (default, Sep 16 2021, 16:59:28) [MSC v.1916 64 bit (AMD64)]",
        "command_line_arguments": "D:\\anaconda3\\envs\\unity_rl\\Scripts\\mlagents-learn training.yaml --run-id Sail14",
        "mlagents_version": "0.27.0",
        "mlagents_envs_version": "0.27.0",
        "communication_protocol_version": "1.5.0",
        "pytorch_version": "1.10.0",
        "numpy_version": "1.21.2",
        "end_time_seconds": "1641727696"
    },
    "total": 1127.2617052,
    "count": 1,
    "self": 0.011305300000003626,
    "children": {
        "run_training.setup": {
            "total": 0.19986679999999968,
            "count": 1,
            "self": 0.19986679999999968
        },
        "TrainerController.start_learning": {
            "total": 1127.0505331,
            "count": 1,
            "self": 2.691835599990327,
            "children": {
                "TrainerController._reset_env": {
                    "total": 11.5923235,
                    "count": 1,
                    "self": 11.5923235
                },
                "TrainerController.advance": {
                    "total": 1112.3088379000096,
                    "count": 52001,
                    "self": 0.8554516000137937,
                    "children": {
                        "env_step": {
                            "total": 1111.4533862999958,
                            "count": 52001,
                            "self": 760.503704100013,
                            "children": {
                                "SubprocessEnvManager._take_step": {
                                    "total": 349.9877802999931,
                                    "count": 52001,
                                    "self": 5.386139700013587,
                                    "children": {
                                        "TorchPolicy.evaluate": {
                                            "total": 344.60164059997953,
                                            "count": 52001,
                                            "self": 100.05934829998344,
                                            "children": {
                                                "TorchPolicy.sample_actions": {
                                                    "total": 244.5422922999961,
                                                    "count": 52001,