{"count":1,"self":500.251136,"total":2702.8583326,"children":{"InitializeActuators":{"count":3,"self":0.001993,"total":0.001993,"children":null},"InitializeSensors":{"count":3,"self":0.0039892999999999994,"total":0.0039892999999999994,"children":null},"AgentSendState":{"count":111134,"self":85.067891199999991,"total":273.8140732,"children":{"CollectObservations":{"count":333229,"self":1.0679988999999999,"total":1.0679988999999999,"children":null},"WriteActionMask":{"count":333229,"self":0.9363465,"total":0.9363465,"children":null},"RequestDecision":{"count":333229,"self":3.8426275999999997,"total":186.741837,"children":{"AgentInfo.ToProto":{"count":333229,"self":4.6440684,"total":182.89920949999998,"children":{"GenerateSensorData":{"count":333229,"self":176.98151679999998,"total":178.25514099999998,"children":{"RayPerceptionSensor.Perceive":{"count":333229,"self":1.2736264,"total":1.2736264,"children":null}}}}}}}}},"DecideAction":{"count":111134,"self":1925.2410367999998,"total":1925.2410828,"children":null},"AgentAct":{"count":111134,"self":3.3912495999999996,"total":3.3912497,"children":null},"AgentInfo.ToProto":{"count":276,"self":0.010974999999999999,"total":0.152809,"children":{"GenerateSensorData":{"count":276,"self":0.1408308,"total":0.141834,"children":{"RayPerceptionSensor.Perceive":{"count":276,"self":0.0010031999999999999,"total":0.0010031999999999999,"children":null}}}}}},"gauges":{"LilBoat.CumulativeReward":{"count":276,"max":73.04163,"min":-19.9303265,"runningAverage":1.40080607,"value":-1.80599654,"weightedAverage":-0.483161062}},"metadata":{"timer_format_version":"0.1.0","start_time_seconds":"1641674245","unity_version":"2020.3.18f1","command_line_arguments":"D:\\Program Files (x86)_\\Unity\\Hub\\Editor\\2020.3.18f1\\Editor\\Unity.exe -projectpath C:\/Unity Projects\/groepswerk-WhiteBeard\/VR_WhiteBeard -useHub -hubIPC -cloudEnvironment production -hubSessionId f4e49110-7099-11ec-b33e-f5ccaed17bd2 -accessToken mVEIDDHXCD1BC5yR1b_Rv71aDabdw_F8lsLgEma6BM0001f","communication_protocol_version":"1.5.0","com.unity.ml-agents_version":"2.0.0","scene_name":"WhiteBeardScene","end_time_seconds":"1641676948"}}