{
    "name": "root",
    "gauges": {
        "LilBoat.Policy.Entropy.mean": {
            "value": 1.4370816946029663,
            "min": 1.2119746208190918,
            "max": 1.6839709281921387,
            "count": 6
        },
        "LilBoat.Policy.Entropy.sum": {
            "value": 2862.666748046875,
            "min": 2394.86181640625,
            "max": 3546.44287109375,
            "count": 6
        },
        "LilBoat.Step.mean": {
            "value": 11996.0,
            "min": 1990.0,
            "max": 11996.0,
            "count": 6
        },
        "LilBoat.Step.sum": {
            "value": 11996.0,
            "min": 1990.0,
            "max": 11996.0,
            "count": 6
        },
        "LilBoat.Policy.ExtrinsicValue.mean": {
            "value": 0.22555232048034668,
            "min": 0.15712371468544006,
            "max": 0.3159971237182617,
            "count": 6
        },
        "LilBoat.Policy.ExtrinsicValue.sum": {
            "value": 45.33601760864258,
            "min": 31.267620086669922,
            "max": 63.515419006347656,
            "count": 6
        },
        "LilBoat.Losses.PolicyLoss.mean": {
            "value": -0.5152808089891452,
            "min": -0.5152808089891452,
            "max": -0.2723817679371591,
            "count": 6
        },
        "LilBoat.Losses.PolicyLoss.sum": {
            "value": -102.5408809888399,
            "min": -102.5408809888399,
            "max": -50.93539060424875,
            "count": 6
        },
        "LilBoat.Losses.ValueLoss.mean": {
            "value": 0.0002163642328155698,
            "min": 0.0002163642328155698,
            "max": 0.004028873052448976,
            "count": 6
        },
        "LilBoat.Losses.ValueLoss.sum": {
            "value": 0.04305648233029839,
            "min": 0.04305648233029839,
            "max": 0.7533992608079586,
            "count": 6
        },
        "LilBoat.Losses.Q1Loss.mean": {
            "value": 0.0009028179252818388,
            "min": 0.0007230580569774407,
            "max": 0.008841675984569773,
            "count": 6
        },
        "LilBoat.Losses.Q1Loss.sum": {
            "value": 0.17966076713108592,
            "min": 0.1438885533385107,
            "max": 1.6533934091145475,
            "count": 6
        },
        "LilBoat.Losses.Q2Loss.mean": {
            "value": 0.0008423415641209626,
            "min": 0.0006817295552839466,
            "max": 0.00551493389065388,
            "count": 6
        },
        "LilBoat.Losses.Q2Loss.sum": {
            "value": 0.16762597126007156,
            "min": 0.1363459110567893,
            "max": 1.0312926375522755,
            "count": 6
        },
        "LilBoat.Policy.DiscreteEntropyCoeff.mean": {
            "value": 0.007656358525569375,
            "min": 0.007656358525569375,
            "max": 0.009738640247514713,
            "count": 6
        },
        "LilBoat.Policy.DiscreteEntropyCoeff.sum": {
            "value": 1.5236153465883056,
            "min": 1.5236153465883056,
            "max": 1.8535344328290875,
            "count": 6
        },
        "LilBoat.Policy.ContinuousEntropyCoeff.mean": {
            "value": 0.009999999776482582,
            "min": 0.009999999776482582,
            "max": 0.009999999776482582,
            "count": 6
        },
        "LilBoat.Policy.ContinuousEntropyCoeff.sum": {
            "value": 1.9899999555200338,
            "min": 1.8699999582022429,
            "max": 1.9999999552965164,
            "count": 6
        },
        "LilBoat.Policy.LearningRate.mean": {
            "value": 0.00030000000000000003,
            "min": 0.0003,
            "max": 0.00030000000000000003,
            "count": 6
        },
        "LilBoat.Policy.LearningRate.sum": {
            "value": 0.0597,
            "min": 0.0561,
            "max": 0.05999999999999999,
            "count": 6
        },
        "LilBoat.IsTraining.mean": {
            "value": 1.0,
            "min": 1.0,
            "max": 1.0,
            "count": 6
        },
        "LilBoat.IsTraining.sum": {
            "value": 1.0,
            "min": 1.0,
            "max": 1.0,
            "count": 6
        },
        "LilBoat.Environment.EpisodeLength.mean": {
            "value": 795.5,
            "min": 542.0,
            "max": 1216.3333333333333,
            "count": 5
        },
        "LilBoat.Environment.EpisodeLength.sum": {
            "value": 1591.0,
            "min": 1104.0,
            "max": 3649.0,
            "count": 5
        },
        "LilBoat.Environment.CumulativeReward.mean": {
            "value": 0.5614502052485477,
            "min": -1.0648998457472771,
            "max": 0.8109004172729328,
            "count": 5
        },
        "LilBoat.Environment.CumulativeReward.sum": {
            "value": 1.1229004104970954,
            "min": -2.1297996914945543,
            "max": 1.6218008345458657,
            "count": 5
        },
        "LilBoat.Policy.ExtrinsicReward.mean": {
            "value": 0.5614502052485477,
            "min": -1.0648998457472771,
            "max": 0.8109004172729328,
            "count": 5
        },
        "LilBoat.Policy.ExtrinsicReward.sum": {
            "value": 1.1229004104970954,
            "min": -2.1297996914945543,
            "max": 1.6218008345458657,
            "count": 5
        }
    },
    "metadata": {
        "timer_format_version": "0.1.0",
        "start_time_seconds": "1641723141",
        "python_version": "3.9.7 (default, Sep 16 2021, 16:59:28) [MSC v.1916 64 bit (AMD64)]",
        "command_line_arguments": "D:\\anaconda3\\envs\\unity_rl\\Scripts\\mlagents-learn training.yaml --run-id Sail08",
        "mlagents_version": "0.27.0",
        "mlagents_envs_version": "0.27.0",
        "communication_protocol_version": "1.5.0",
        "pytorch_version": "1.10.0",
        "numpy_version": "1.21.2",
        "end_time_seconds": "1641723256"
    },
    "total": 115.824478,
    "count": 1,
    "self": 0.0153935999999959,
    "children": {
        "run_training.setup": {
            "total": 0.11423880000000008,
            "count": 1,
            "self": 0.11423880000000008
        },
        "TrainerController.start_learning": {
            "total": 115.69484560000001,
            "count": 1,
            "self": 1.1978442000002758,
            "children": {
                "TrainerController._reset_env": {
                    "total": 14.9088649,
                    "count": 1,
                    "self": 14.9088649
                },
                "TrainerController.advance": {
                    "total": 98.95657079999972,
                    "count": 4134,
                    "self": 0.0786678999998287,
                    "children": {
                        "env_step": {
                            "total": 98.8779028999999,
                            "count": 4134,
                            "self": 67.2644120999996,
                            "children": {
                                "SubprocessEnvManager._take_step": {
                                    "total": 31.528576300000378,
                                    "count": 4134,
                                    "self": 0.503846400000139,
                                    "children": {
                                        "TorchPolicy.evaluate": {
                                            "total": 31.02472990000024,
                                            "count": 4134,
                                            "self": 8.531247300000594,
                                            "children": {
                                                "TorchPolicy.sample_actions": {
                                                    "total": 22.493482599999645,
                                                    "count": 4134,