{
    "name": "root",
    "gauges": {
        "LilBoat.Policy.Entropy.mean": {
            "value": 0.12896499037742615,
            "min": 0.016746435314416885,
            "max": 1.3446381092071533,
            "count": 166
        },
        "LilBoat.Policy.Entropy.sum": {
            "value": 257.67205810546875,
            "min": 33.22492599487305,
            "max": 2796.663818359375,
            "count": 166
        },
        "LilBoat.Step.mean": {
            "value": 331991.0,
            "min": 1990.0,
            "max": 331991.0,
            "count": 166
        },
        "LilBoat.Step.sum": {
            "value": 331991.0,
            "min": 1990.0,
            "max": 331991.0,
            "count": 166
        },
        "LilBoat.Policy.ExtrinsicValue.mean": {
            "value": -0.0680822879076004,
            "min": -0.24660423398017883,
            "max": -0.0680822879076004,
            "count": 166
        },
        "LilBoat.Policy.ExtrinsicValue.sum": {
            "value": -13.616456985473633,
            "min": -49.32084655761719,
            "max": -13.616456985473633,
            "count": 166
        },
        "LilBoat.Losses.PolicyLoss.mean": {
            "value": 0.2120204221232395,
            "min": 0.11292269882782618,
            "max": 0.4342472265125402,
            "count": 166
        },
        "LilBoat.Losses.PolicyLoss.sum": {
            "value": 42.4040844246479,
            "min": 21.116544680803496,
            "max": 88.39551734360703,
            "count": 166
        },
        "LilBoat.Losses.ValueLoss.mean": {
            "value": 0.0003261742809380516,
            "min": 0.0001338135551963927,
            "max": 0.0048993476073951195,
            "count": 166
        },
        "LilBoat.Losses.ValueLoss.sum": {
            "value": 0.06523485618761032,
            "min": 0.02676271103927854,
            "max": 0.9161780025828874,
            "count": 166
        },
        "LilBoat.Losses.Q1Loss.mean": {
            "value": 0.00034920326660796967,
            "min": 0.00010459211734405329,
            "max": 0.008746379739788604,
            "count": 166
        },
        "LilBoat.Losses.Q1Loss.sum": {
            "value": 0.06984065332159393,
            "min": 0.020813831351466604,
            "max": 1.635573011340469,
            "count": 166
        },
        "LilBoat.Losses.Q2Loss.mean": {
            "value": 0.00035884341854125473,
            "min": 0.00011647181576675031,
            "max": 0.008698728862590563,
            "count": 166
        },
        "LilBoat.Losses.Q2Loss.sum": {
            "value": 0.07176868370825094,
            "min": 0.02317789133758331,
            "max": 1.6266622973044353,
            "count": 166
        },
        "LilBoat.Policy.DiscreteEntropyCoeff.mean": {
            "value": 0.004124873244246938,
            "min": 0.0015624508657701931,
            "max": 0.009737787534975223,
            "count": 166
        },
        "LilBoat.Policy.DiscreteEntropyCoeff.sum": {
            "value": 0.8249746488493876,
            "min": 0.3109277222882684,
            "max": 1.82897291293125,
            "count": 166
        },
        "LilBoat.Policy.ContinuousEntropyCoeff.mean": {
            "value": 0.009999999776482582,
            "min": 0.009999999776482582,
            "max": 0.009999999776482582,
            "count": 166
        },
        "LilBoat.Policy.ContinuousEntropyCoeff.sum": {
            "value": 1.9999999552965164,
            "min": 1.8699999582022429,
            "max": 2.1899999510496855,
            "count": 166
        },
        "LilBoat.Policy.LearningRate.mean": {
            "value": 0.0003,
            "min": 0.0003,
            "max": 0.00030000000000000003,
            "count": 166
        },
        "LilBoat.Policy.LearningRate.sum": {
            "value": 0.05999999999999999,
            "min": 0.0561,
            "max": 0.0657,
            "count": 166
        },
        "LilBoat.IsTraining.mean": {
            "value": 1.0,
            "min": 1.0,
            "max": 1.0,
            "count": 166
        },
        "LilBoat.IsTraining.sum": {
            "value": 1.0,
            "min": 1.0,
            "max": 1.0,
            "count": 166
        },
        "LilBoat.Environment.EpisodeLength.mean": {
            "value": 952.3333333333334,
            "min": 193.0,
            "max": 10255.0,
            "count": 122
        },
        "LilBoat.Environment.EpisodeLength.sum": {
            "value": 2857.0,
            "min": 193.0,
            "max": 19524.0,
            "count": 122
        },
        "LilBoat.Environment.CumulativeReward.mean": {
            "value": -0.5783333323197439,
            "min": -17.748999525792897,
            "max": 33.26700154528953,
            "count": 121
        },
        "LilBoat.Environment.CumulativeReward.sum": {
            "value": -1.7349999969592318,
            "min": -31.327998526627198,
            "max": 70.39400243980344,
            "count": 121
        },
        "LilBoat.Policy.ExtrinsicReward.mean": {
            "value": -0.5783333323197439,
            "min": -17.748999525792897,
            "max": 33.26700154528953,
            "count": 121
        },
        "LilBoat.Policy.ExtrinsicReward.sum": {
            "value": -1.7349999969592318,
            "min": -31.327998526627198,
            "max": 70.39400243980344,
            "count": 121
        }
    },
    "metadata": {
        "timer_format_version": "0.1.0",
        "start_time_seconds": "1641674236",
        "python_version": "3.9.7 (default, Sep 16 2021, 16:59:28) [MSC v.1916 64 bit (AMD64)]",
        "command_line_arguments": "D:\\anaconda3\\envs\\unity_rl\\Scripts\\mlagents-learn training.yaml --run-id Sail03",
        "mlagents_version": "0.27.0",
        "mlagents_envs_version": "0.27.0",
        "communication_protocol_version": "1.5.0",
        "pytorch_version": "1.10.0",
        "numpy_version": "1.21.2",
        "end_time_seconds": "1641676950"
    },
    "total": 2713.2117356,
    "count": 1,
    "self": 0.017452899999625515,
    "children": {
        "run_training.setup": {
            "total": 0.15228560000000035,
            "count": 1,
            "self": 0.15228560000000035
        },
        "TrainerController.start_learning": {
            "total": 2713.0419971,
            "count": 1,
            "self": 5.609736799981874,
            "children": {
                "TrainerController._reset_env": {
                    "total": 13.4379018,
                    "count": 1,
                    "self": 13.4379018
                },
                "TrainerController.advance": {
                    "total": 2692.8673641000178,
                    "count": 111117,
                    "self": 2.2115054000137206,
                    "children": {
                        "env_step": {
                            "total": 2690.655858700004,
                            "count": 111117,
                            "self": 1844.0210861000537,
                            "children": {
                                "SubprocessEnvManager._take_step": {
                                    "total": 844.209519599976,
                                    "count": 111117,
                                    "self": 14.019108600000664,
                                    "children": {
                                        "TorchPolicy.evaluate": {
                                            "total": 830.1904109999754,
                                            "count": 111117,
                                            "self": 229.67011459995285,
                                            "children": {
                                                "TorchPolicy.sample_actions": {
                                                    "total": 600.5202964000225,
                                                    "count": 111117,