{
    "name": "root",
    "gauges": {
        "LilBoat.Policy.Entropy.mean": {
            "value": 0.6331183910369873,
            "min": 0.6331183910369873,
            "max": 0.6855422854423523,
            "count": 2
        },
        "LilBoat.Policy.Entropy.sum": {
            "value": 1266.23681640625,
            "min": 1266.23681640625,
            "max": 1371.0845947265625,
            "count": 2
        },
        "LilBoat.Step.mean": {
            "value": 3990.0,
            "min": 1990.0,
            "max": 3990.0,
            "count": 2
        },
        "LilBoat.Step.sum": {
            "value": 3990.0,
            "min": 1990.0,
            "max": 3990.0,
            "count": 2
        },
        "LilBoat.Policy.ExtrinsicValue.mean": {
            "value": 0.09220488369464874,
            "min": -0.18966493010520935,
            "max": 0.09220488369464874,
            "count": 2
        },
        "LilBoat.Policy.ExtrinsicValue.sum": {
            "value": 18.440977096557617,
            "min": -37.74332046508789,
            "max": 18.440977096557617,
            "count": 2
        },
        "LilBoat.Losses.PolicyLoss.mean": {
            "value": 0.21635031197220086,
            "min": 0.21635031197220086,
            "max": 0.5087908552846674,
            "count": 2
        },
        "LilBoat.Losses.PolicyLoss.sum": {
            "value": 43.270062394440174,
            "min": 43.270062394440174,
            "max": 100.74058934636415,
            "count": 2
        },
        "LilBoat.Losses.ValueLoss.mean": {
            "value": 0.000708900674690085,
            "min": 0.000708900674690085,
            "max": 0.006958187072264342,
            "count": 2
        },
        "LilBoat.Losses.ValueLoss.sum": {
            "value": 0.141780134938017,
            "min": 0.141780134938017,
            "max": 1.3777210403083398,
            "count": 2
        },
        "LilBoat.Losses.Q1Loss.mean": {
            "value": 0.0017389881876442815,
            "min": 0.0017389881876442815,
            "max": 0.011437611807298827,
            "count": 2
        },
        "LilBoat.Losses.Q1Loss.sum": {
            "value": 0.3477976375288563,
            "min": 0.3477976375288563,
            "max": 2.264647137845168,
            "count": 2
        },
        "LilBoat.Losses.Q2Loss.mean": {
            "value": 0.001462632189723081,
            "min": 0.001462632189723081,
            "max": 0.013350095147061836,
            "count": 2
        },
        "LilBoat.Losses.Q2Loss.sum": {
            "value": 0.2925264379446162,
            "min": 0.2925264379446162,
            "max": 2.6433188391182436,
            "count": 2
        },
        "LilBoat.Policy.DiscreteEntropyCoeff.mean": {
            "value": 0.009973298883996904,
            "min": 0.009973298883996904,
            "max": 0.009984610838853198,
            "count": 2
        },
        "LilBoat.Policy.DiscreteEntropyCoeff.sum": {
            "value": 1.9946597767993808,
            "min": 1.9769529460929334,
            "max": 1.9946597767993808,
            "count": 2
        },
        "LilBoat.Policy.ContinuousEntropyCoeff.mean": {
            "value": 0.009999999776482582,
            "min": 0.009999999776482582,
            "max": 0.009999999776482582,
            "count": 2
        },
        "LilBoat.Policy.ContinuousEntropyCoeff.sum": {
            "value": 1.9999999552965164,
            "min": 1.9799999557435513,
            "max": 1.9999999552965164,
            "count": 2
        },
        "LilBoat.Policy.LearningRate.mean": {
            "value": 0.0003,
            "min": 0.0003,
            "max": 0.00030000000000000003,
            "count": 2
        },
        "LilBoat.Policy.LearningRate.sum": {
            "value": 0.05999999999999999,
            "min": 0.0594,
            "max": 0.05999999999999999,
            "count": 2
        },
        "LilBoat.IsTraining.mean": {
            "value": 1.0,
            "min": 1.0,
            "max": 1.0,
            "count": 2
        },
        "LilBoat.IsTraining.sum": {
            "value": 1.0,
            "min": 1.0,
            "max": 1.0,
            "count": 2
        }
    },
    "metadata": {
        "timer_format_version": "0.1.0",
        "start_time_seconds": "1641327894",
        "python_version": "3.9.7 (default, Sep 16 2021, 16:59:28) [MSC v.1916 64 bit (AMD64)]",
        "command_line_arguments": "D:\\anaconda3\\envs\\unity_rl\\Scripts\\mlagents-learn training.yaml --run-id Boat02",
        "mlagents_version": "0.27.0",
        "mlagents_envs_version": "0.27.0",
        "communication_protocol_version": "1.5.0",
        "pytorch_version": "1.10.0",
        "numpy_version": "1.21.2",
        "end_time_seconds": "1641327994"
    },
    "total": 99.9848238,
    "count": 1,
    "self": 0.011679999999998358,
    "children": {
        "run_training.setup": {
            "total": 0.16918860000000002,
            "count": 1,
            "self": 0.16918860000000002
        },
        "TrainerController.start_learning": {
            "total": 99.8039552,
            "count": 1,
            "self": 0.1339480000002311,
            "children": {
                "TrainerController._reset_env": {
                    "total": 21.830185,
                    "count": 1,
                    "self": 21.830185
                },
                "TrainerController.advance": {
                    "total": 75.84564719999977,
                    "count": 5317,
                    "self": 0.1326744999991547,
                    "children": {
                        "env_step": {
                            "total": 59.59819120000044,
                            "count": 5317,
                            "self": 36.12162710000045,
                            "children": {
                                "SubprocessEnvManager._take_step": {
                                    "total": 23.391170699999844,
                                    "count": 5317,
                                    "self": 0.45645329999998197,
                                    "children": {
                                        "TorchPolicy.evaluate": {
                                            "total": 22.93471739999986,
                                            "count": 5317,
                                            "self": 7.192120599999349,
                                            "children": {
                                                "TorchPolicy.sample_actions": {
                                                    "total": 15.742596800000513,
                                                    "count": 5317,
                                                    "self": 15.742596800000513
                                                }
                                            }
                                        }
                                    }
                                },
                                "workers": {
                                    "total": 0.08539340000014661,
                                    "count": 5316,
                                    "self": 0.0,
                                    "children": {
                                        "worker_root": {
                                            "total": 88.97938229999947,
                                            "count": 5316,
                                            "is_parallel": true,
                                            "self": 59.61717659999933,
                                            "children": {
                                                "steps_from_proto": {
                                                    "total": 0.03576289999999993,
                                                    "count": 1,
                                                    "is_parallel": true,
                                                    "self": 0.0014690000000001646,