{
    "name": "root",
    "gauges": {
        "LilBoat.Policy.Entropy.mean": {
            "value": 1.2823091745376587,
            "min": 1.193114161491394,
            "max": 1.2823091745376587,
            "count": 2
        },
        "LilBoat.Policy.Entropy.sum": {
            "value": 2547.9482421875,
            "min": 2516.27783203125,
            "max": 2547.9482421875,
            "count": 2
        },
        "LilBoat.Step.mean": {
            "value": 3999.0,
            "min": 1990.0,
            "max": 3999.0,
            "count": 2
        },
        "LilBoat.Step.sum": {
            "value": 3999.0,
            "min": 1990.0,
            "max": 3999.0,
            "count": 2
        },
        "LilBoat.Policy.ExtrinsicValue.mean": {
            "value": -0.15138468146324158,
            "min": -0.15138468146324158,
            "max": -0.14279763400554657,
            "count": 2
        },
        "LilBoat.Policy.ExtrinsicValue.sum": {
            "value": -30.731090545654297,
            "min": -30.731090545654297,
            "max": -28.416728973388672,
            "count": 2
        },
        "LilBoat.Losses.PolicyLoss.mean": {
            "value": 0.2869666603235659,
            "min": 0.12086942236011433,
            "max": 0.2869666603235659,
            "count": 2
        },
        "LilBoat.Losses.PolicyLoss.sum": {
            "value": 56.81939874406605,
            "min": 22.60258198134138,
            "max": 56.81939874406605,
            "count": 2
        },
        "LilBoat.Losses.ValueLoss.mean": {
            "value": 0.0009983038628485384,
            "min": 0.0009983038628485384,
            "max": 0.003856376666893963,
            "count": 2
        },
        "LilBoat.Losses.ValueLoss.sum": {
            "value": 0.1976641648440106,
            "min": 0.1976641648440106,
            "max": 0.7211424367091711,
            "count": 2
        },
        "LilBoat.Losses.Q1Loss.mean": {
            "value": 0.0015788310147645307,
            "min": 0.0015788310147645307,
            "max": 0.0101317959854501,
            "count": 2
        },
        "LilBoat.Losses.Q1Loss.sum": {
            "value": 0.3126085409233771,
            "min": 0.3126085409233771,
            "max": 1.8946458492791687,
            "count": 2
        },
        "LilBoat.Losses.Q2Loss.mean": {
            "value": 0.0016260777192788278,
            "min": 0.0016260777192788278,
            "max": 0.006834769556615219,
            "count": 2
        },
        "LilBoat.Losses.Q2Loss.sum": {
            "value": 0.3219633884172079,
            "min": 0.3219633884172079,
            "max": 1.278101907087046,
            "count": 2
        },
        "LilBoat.Policy.DiscreteEntropyCoeff.mean": {
            "value": 0.009245592051429394,
            "min": 0.009245592051429394,
            "max": 0.009761348377267531,
            "count": 2
        },
        "LilBoat.Policy.DiscreteEntropyCoeff.sum": {
            "value": 1.8306272261830199,
            "min": 1.8253721465490282,
            "max": 1.8306272261830199,
            "count": 2
        },
        "LilBoat.Policy.ContinuousEntropyCoeff.mean": {
            "value": 0.009999999776482582,
            "min": 0.009999999776482582,
            "max": 0.009999999776482582,
            "count": 2
        },
        "LilBoat.Policy.ContinuousEntropyCoeff.sum": {
            "value": 1.9799999557435513,
            "min": 1.8699999582022429,
            "max": 1.9799999557435513,
            "count": 2
        },
        "LilBoat.Policy.LearningRate.mean": {
            "value": 0.00030000000000000003,
            "min": 0.0003,
            "max": 0.00030000000000000003,
            "count": 2
        },
        "LilBoat.Policy.LearningRate.sum": {
            "value": 0.0594,
            "min": 0.0561,
            "max": 0.0594,
            "count": 2
        },
        "LilBoat.IsTraining.mean": {
            "value": 1.0,
            "min": 1.0,
            "max": 1.0,
            "count": 2
        },
        "LilBoat.IsTraining.sum": {
            "value": 1.0,
            "min": 1.0,
            "max": 1.0,
            "count": 2
        },
        "LilBoat.Environment.EpisodeLength.mean": {
            "value": 1138.6666666666667,
            "min": 1138.6666666666667,
            "max": 1138.6666666666667,
            "count": 1
        },
        "LilBoat.Environment.EpisodeLength.sum": {
            "value": 3416.0,
            "min": 3416.0,
            "max": 3416.0,
            "count": 1
        },
        "LilBoat.Environment.CumulativeReward.mean": {
            "value": -1.4860328737025459,
            "min": -1.4860328737025459,
            "max": -1.4860328737025459,
            "count": 1
        },
        "LilBoat.Environment.CumulativeReward.sum": {
            "value": -4.458098621107638,
            "min": -4.458098621107638,
            "max": -4.458098621107638,
            "count": 1
        },
        "LilBoat.Policy.ExtrinsicReward.mean": {
            "value": -1.4860328737025459,
            "min": -1.4860328737025459,
            "max": -1.4860328737025459,
            "count": 1
        },
        "LilBoat.Policy.ExtrinsicReward.sum": {
            "value": -4.458098621107638,
            "min": -4.458098621107638,
            "max": -4.458098621107638,
            "count": 1
        }
    },
    "metadata": {
        "timer_format_version": "0.1.0",
        "start_time_seconds": "1641722497",
        "python_version": "3.9.7 (default, Sep 16 2021, 16:59:28) [MSC v.1916 64 bit (AMD64)]",
        "command_line_arguments": "D:\\anaconda3\\envs\\unity_rl\\Scripts\\mlagents-learn training.yaml --run-id Sail07",
        "mlagents_version": "0.27.0",
        "mlagents_envs_version": "0.27.0",
        "communication_protocol_version": "1.5.0",
        "pytorch_version": "1.10.0",
        "numpy_version": "1.21.2",
        "end_time_seconds": "1641722574"
    },
    "total": 76.5801875,
    "count": 1,
    "self": 0.020687199999983363,
    "children": {
        "run_training.setup": {
            "total": 0.24168309999999948,
            "count": 1,
            "self": 0.24168309999999948
        },
        "TrainerController.start_learning": {
            "total": 76.31781720000001,
            "count": 1,
            "self": 0.6653641000000903,
            "children": {
                "TrainerController._reset_env": {
                    "total": 23.8301734,
                    "count": 1,
                    "self": 23.8301734
                },
                "TrainerController.advance": {
                    "total": 47.79123669999991,
                    "count": 1934,
                    "self": 0.035807899999994675,
                    "children": {
                        "env_step": {
                            "total": 47.75542879999991,
                            "count": 1934,
                            "self": 29.825608400000114,
                            "children": {
                                "SubprocessEnvManager._take_step": {
                                    "total": 17.89165840000004,
                                    "count": 1934,
                                    "self": 0.23141589999998757,
                                    "children": {
                                        "TorchPolicy.evaluate": {
                                            "total": 17.660242500000052,
                                            "count": 1934,
                                            "self": 3.9303922999998377,
                                            "children": {
                                                "TorchPolicy.sample_actions": {
                                                    "total": 13.729850200000214,
                                                    "count": 1934,