{
    "name": "root",
    "gauges": {
        "LilBoat.Policy.Entropy.mean": {
            "value": 0.1949329674243927,
            "min": 0.04878825694322586,
            "max": 0.19734841585159302,
            "count": 5
        },
        "LilBoat.Policy.Entropy.sum": {
            "value": 388.1115417480469,
            "min": 96.503173828125,
            "max": 388.1115417480469,
            "count": 5
        },
        "LilBoat.Step.mean": {
            "value": 133995.0,
            "min": 125991.0,
            "max": 133995.0,
            "count": 5
        },
        "LilBoat.Step.sum": {
            "value": 133995.0,
            "min": 125991.0,
            "max": 133995.0,
            "count": 5
        },
        "LilBoat.Policy.ExtrinsicValue.mean": {
            "value": -0.2714758813381195,
            "min": -0.38632866740226746,
            "max": -0.2413771152496338,
            "count": 5
        },
        "LilBoat.Policy.ExtrinsicValue.sum": {
            "value": -54.566654205322266,
            "min": -61.6314697265625,
            "max": -42.49615478515625,
            "count": 5
        },
        "LilBoat.Losses.PolicyLoss.mean": {
            "value": 0.5564687416253326,
            "min": 0.5564687416253326,
            "max": 0.8116105716216747,
            "count": 5
        },
        "LilBoat.Losses.PolicyLoss.sum": {
            "value": 110.18081084181586,
            "min": 77.1030043040591,
            "max": 145.27770103083137,
            "count": 5
        },
        "LilBoat.Losses.ValueLoss.mean": {
            "value": 0.00032614473711157317,
            "min": 0.0003066447476171052,
            "max": 0.0005918374885292824,
            "count": 5
        },
        "LilBoat.Losses.ValueLoss.sum": {
            "value": 0.06457665794809149,
            "min": 0.05622456141028182,
            "max": 0.07597752059707277,
            "count": 5
        },
        "LilBoat.Losses.Q1Loss.mean": {
            "value": 0.0007215869181102081,
            "min": 0.00047217875746981,
            "max": 0.002498751766201824,
            "count": 5
        },
        "LilBoat.Losses.Q1Loss.sum": {
            "value": 0.1428742097858212,
            "min": 0.094435751493962,
            "max": 0.49975035324036476,
            "count": 5
        },
        "LilBoat.Losses.Q2Loss.mean": {
            "value": 0.0007031396400220333,
            "min": 0.0006401281919800433,
            "max": 0.002497102621534038,
            "count": 5
        },
        "LilBoat.Losses.Q2Loss.sum": {
            "value": 0.1392216487243626,
            "min": 0.112977026425011,
            "max": 0.4994205243068076,
            "count": 5
        },
        "LilBoat.Policy.DiscreteEntropyCoeff.mean": {
            "value": 0.011171716209338873,
            "min": 0.01003105393414866,
            "max": 0.011171716209338873,
            "count": 5
        },
        "LilBoat.Policy.DiscreteEntropyCoeff.sum": {
            "value": 2.2119998094490967,
            "min": 0.9529501237441227,
            "max": 2.2119998094490967,
            "count": 5
        },
        "LilBoat.Policy.ContinuousEntropyCoeff.mean": {
            "value": 0.009999999776482582,
            "min": 0.009999999776482582,
            "max": 0.009999999776482582,
            "count": 5
        },
        "LilBoat.Policy.ContinuousEntropyCoeff.sum": {
            "value": 1.9799999557435513,
            "min": 0.9499999787658453,
            "max": 1.9999999552965164,
            "count": 5
        },
        "LilBoat.Policy.LearningRate.mean": {
            "value": 0.00030000000000000003,
            "min": 0.0003,
            "max": 0.0003000000000000001,
            "count": 5
        },
        "LilBoat.Policy.LearningRate.sum": {
            "value": 0.0594,
            "min": 0.028500000000000008,
            "max": 0.05999999999999999,
            "count": 5
        },
        "LilBoat.IsTraining.mean": {
            "value": 1.0,
            "min": 1.0,
            "max": 1.0,
            "count": 5
        },
        "LilBoat.IsTraining.sum": {
            "value": 1.0,
            "min": 1.0,
            "max": 1.0,
            "count": 5
        },
        "LilBoat.Environment.EpisodeLength.mean": {
            "value": 587.5,
            "min": 587.5,
            "max": 2252.5,
            "count": 2
        },
        "LilBoat.Environment.EpisodeLength.sum": {
            "value": 1175.0,
            "min": 1175.0,
            "max": 4505.0,
            "count": 2
        },
        "LilBoat.Environment.CumulativeReward.mean": {
            "value": 0.28500002808868885,
            "min": 0.28500002808868885,
            "max": 11.450000049546361,
            "count": 2
        },
        "LilBoat.Environment.CumulativeReward.sum": {
            "value": 0.5700000561773777,
            "min": 0.5700000561773777,
            "max": 22.900000099092722,
            "count": 2
        },
        "LilBoat.Policy.ExtrinsicReward.mean": {
            "value": 0.28500002808868885,
            "min": 0.28500002808868885,
            "max": 11.450000049546361,
            "count": 2
        },
        "LilBoat.Policy.ExtrinsicReward.sum": {
            "value": 0.5700000561773777,
            "min": 0.5700000561773777,
            "max": 22.900000099092722,
            "count": 2
        }
    },
    "metadata": {
        "timer_format_version": "0.1.0",
        "start_time_seconds": "1641590111",
        "python_version": "3.9.7 (default, Sep 16 2021, 16:59:28) [MSC v.1916 64 bit (AMD64)]",
        "command_line_arguments": "D:\\anaconda3\\envs\\unity_rl\\Scripts\\mlagents-learn training.yaml --run-id Sail01 --resume",
        "mlagents_version": "0.27.0",
        "mlagents_envs_version": "0.27.0",
        "communication_protocol_version": "1.5.0",
        "pytorch_version": "1.10.0",
        "numpy_version": "1.21.2",
        "end_time_seconds": "1641590212"
    },
    "total": 101.1435561,
    "count": 1,
    "self": 0.009325200000006362,
    "children": {
        "run_training.setup": {
            "total": 0.13303949999999976,
            "count": 1,
            "self": 0.13303949999999976
        },
        "TrainerController.start_learning": {
            "total": 101.0011914,
            "count": 1,
            "self": 1.151379400000664,
            "children": {
                "TrainerController._reset_env": {
                    "total": 18.569011,
                    "count": 1,
                    "self": 18.569011
                },
                "TrainerController.advance": {
                    "total": 80.61890619999933,
                    "count": 3384,
                    "self": 0.07108479999928363,
                    "children": {
                        "env_step": {
                            "total": 80.54782140000005,
                            "count": 3384,
                            "self": 54.94090609999994,
                            "children": {
                                "SubprocessEnvManager._take_step": {
                                    "total": 25.535731199999862,
                                    "count": 3384,
                                    "self": 0.4170628999996353,
                                    "children": {
                                        "TorchPolicy.evaluate": {
                                            "total": 25.118668300000227,
                                            "count": 3384,
                                            "self": 6.765802000000214,
                                            "children": {
                                                "TorchPolicy.sample_actions": {
                                                    "total": 18.352866300000013,
                                                    "count": 3384,