{
    "name": "root",
    "gauges": {
        "LilBoat.Policy.Entropy.mean": {
            "value": 1.5826541185379028,
            "min": 1.1692078113555908,
            "max": 1.6223170757293701,
            "count": 9
        },
        "LilBoat.Policy.Entropy.sum": {
            "value": 3139.98583984375,
            "min": 2315.031494140625,
            "max": 3435.097412109375,
            "count": 9
        },
        "LilBoat.Step.mean": {
            "value": 17998.0,
            "min": 1990.0,
            "max": 17998.0,
            "count": 9
        },
        "LilBoat.Step.sum": {
            "value": 17998.0,
            "min": 1990.0,
            "max": 17998.0,
            "count": 9
        },
        "LilBoat.Policy.ExtrinsicValue.mean": {
            "value": -0.7650730013847351,
            "min": -0.7879627346992493,
            "max": -0.5682112574577332,
            "count": 9
        },
        "LilBoat.Policy.ExtrinsicValue.sum": {
            "value": -153.77967834472656,
            "min": -158.38050842285156,
            "max": -113.07403564453125,
            "count": 9
        },
        "LilBoat.Losses.PolicyLoss.mean": {
            "value": 1.5078487448936044,
            "min": 0.632575248802509,
            "max": 1.5078487448936044,
            "count": 9
        },
        "LilBoat.Losses.PolicyLoss.sum": {
            "value": 301.5697489787209,
            "min": 120.18929727247672,
            "max": 301.5697489787209,
            "count": 9
        },
        "LilBoat.Losses.ValueLoss.mean": {
            "value": 0.00029672460931829325,
            "min": 0.00029672460931829325,
            "max": 0.009133433188087993,
            "count": 9
        },
        "LilBoat.Losses.ValueLoss.sum": {
            "value": 0.059344921863658646,
            "min": 0.059344921863658646,
            "max": 1.7353523057367186,
            "count": 9
        },
        "LilBoat.Losses.Q1Loss.mean": {
            "value": 0.00046696606781144534,
            "min": 0.00046696606781144534,
            "max": 0.013780616961942126,
            "count": 9
        },
        "LilBoat.Losses.Q1Loss.sum": {
            "value": 0.09339321356228907,
            "min": 0.09339321356228907,
            "max": 2.618317222769004,
            "count": 9
        },
        "LilBoat.Losses.Q2Loss.mean": {
            "value": 0.00048338798850916764,
            "min": 0.00048338798850916764,
            "max": 0.014604508396889848,
            "count": 9
        },
        "LilBoat.Losses.Q2Loss.sum": {
            "value": 0.09667759770183353,
            "min": 0.09667759770183353,
            "max": 2.774856595409071,
            "count": 9
        },
        "LilBoat.Policy.DiscreteEntropyCoeff.mean": {
            "value": 0.0063335085741585175,
            "min": 0.0063335085741585175,
            "max": 0.009738606907852046,
            "count": 9
        },
        "LilBoat.Policy.DiscreteEntropyCoeff.sum": {
            "value": 1.2667017148317035,
            "min": 1.2667017148317035,
            "max": 1.851701485871395,
            "count": 9
        },
        "LilBoat.Policy.ContinuousEntropyCoeff.mean": {
            "value": 0.009999999776482582,
            "min": 0.009999999776482582,
            "max": 0.009999999776482582,
            "count": 9
        },
        "LilBoat.Policy.ContinuousEntropyCoeff.sum": {
            "value": 1.9999999552965164,
            "min": 1.8999999575316906,
            "max": 1.9999999552965164,
            "count": 9
        },
        "LilBoat.Policy.LearningRate.mean": {
            "value": 0.0003,
            "min": 0.0003,
            "max": 0.00030000000000000003,
            "count": 9
        },
        "LilBoat.Policy.LearningRate.sum": {
            "value": 0.05999999999999999,
            "min": 0.057,
            "max": 0.05999999999999999,
            "count": 9
        },
        "LilBoat.IsTraining.mean": {
            "value": 1.0,
            "min": 1.0,
            "max": 1.0,
            "count": 9
        },
        "LilBoat.IsTraining.sum": {
            "value": 1.0,
            "min": 1.0,
            "max": 1.0,
            "count": 9
        },
        "LilBoat.Environment.EpisodeLength.mean": {
            "value": 1079.3333333333333,
            "min": 540.0,
            "max": 2474.0,
            "count": 8
        },
        "LilBoat.Environment.EpisodeLength.sum": {
            "value": 3238.0,
            "min": 540.0,
            "max": 4031.0,
            "count": 8
        },
        "LilBoat.Environment.CumulativeReward.mean": {
            "value": 2.581700063259632,
            "min": -2.074999997334089,
            "max": 7.360200414987048,
            "count": 7
        },
        "LilBoat.Environment.CumulativeReward.sum": {
            "value": 5.163400126519264,
            "min": -2.074999997334089,
            "max": 9.113600487347867,
            "count": 7
        },
        "LilBoat.Policy.ExtrinsicReward.mean": {
            "value": 2.581700063259632,
            "min": -2.074999997334089,
            "max": 7.360200414987048,
            "count": 7
        },
        "LilBoat.Policy.ExtrinsicReward.sum": {
            "value": 5.163400126519264,
            "min": -2.074999997334089,
            "max": 9.113600487347867,
            "count": 7
        }
    },
    "metadata": {
        "timer_format_version": "0.1.0",
        "start_time_seconds": "1641724697",
        "python_version": "3.9.7 (default, Sep 16 2021, 16:59:28) [MSC v.1916 64 bit (AMD64)]",
        "command_line_arguments": "D:\\anaconda3\\envs\\unity_rl\\Scripts\\mlagents-learn training.yaml --run-id Sail11",
        "mlagents_version": "0.27.0",
        "mlagents_envs_version": "0.27.0",
        "communication_protocol_version": "1.5.0",
        "pytorch_version": "1.10.0",
        "numpy_version": "1.21.2",
        "end_time_seconds": "1641724842"
    },
    "total": 145.0087291,
    "count": 1,
    "self": 0.008795200000008663,
    "children": {
        "run_training.setup": {
            "total": 0.12408359999999963,
            "count": 1,
            "self": 0.12408359999999963
        },
        "TrainerController.start_learning": {
            "total": 144.8758503,
            "count": 1,
            "self": 0.586103300000417,
            "children": {
                "TrainerController._reset_env": {
                    "total": 10.7467337,
                    "count": 1,
                    "self": 10.7467337
                },
                "TrainerController.advance": {
                    "total": 133.02680199999958,
                    "count": 6601,
                    "self": 0.11515369999904124,
                    "children": {
                        "env_step": {
                            "total": 132.91164830000054,
                            "count": 6601,
                            "self": 90.47167850000184,
                            "children": {
                                "SubprocessEnvManager._take_step": {
                                    "total": 42.321244599999275,
                                    "count": 6601,
                                    "self": 0.6177225999991407,
                                    "children": {
                                        "TorchPolicy.evaluate": {
                                            "total": 41.703522000000135,
                                            "count": 6601,
                                            "self": 11.545608300000247,
                                            "children": {
                                                "TorchPolicy.sample_actions": {
                                                    "total": 30.157913699999888,
                                                    "count": 6601,