{
    "name": "root",
    "gauges": {
        "LilBoat.Policy.Entropy.mean": {
            "value": 1.1499367952346802,
            "min": 0.23470041155815125,
            "max": 1.3448376655578613,
            "count": 10
        },
        "LilBoat.Policy.Entropy.sum": {
            "value": 2286.074462890625,
            "min": 158.4227752685547,
            "max": 2689.67529296875,
            "count": 10
        },
        "LilBoat.Step.mean": {
            "value": 33999.0,
            "min": 15996.0,
            "max": 33999.0,
            "count": 10
        },
        "LilBoat.Step.sum": {
            "value": 33999.0,
            "min": 15996.0,
            "max": 33999.0,
            "count": 10
        },
        "LilBoat.Policy.ExtrinsicValue.mean": {
            "value": 0.2926645278930664,
            "min": 0.2926645278930664,
            "max": 0.4470612406730652,
            "count": 10
        },
        "LilBoat.Policy.ExtrinsicValue.sum": {
            "value": 59.11823272705078,
            "min": 25.48249053955078,
            "max": 87.79458618164062,
            "count": 10
        },
        "LilBoat.Losses.PolicyLoss.mean": {
            "value": -0.6749583378338301,
            "min": -0.9247576277069345,
            "max": -0.6469136986960679,
            "count": 10
        },
        "LilBoat.Losses.PolicyLoss.sum": {
            "value": -133.64175089109835,
            "min": -184.9515255413869,
            "max": -40.72815732302652,
            "count": 10
        },
        "LilBoat.Losses.ValueLoss.mean": {
            "value": 0.0005013410459144078,
            "min": 7.242421221946613e-05,
            "max": 0.0005013410459144078,
            "count": 10
        },
        "LilBoat.Losses.ValueLoss.sum": {
            "value": 0.09926552709105274,
            "min": 0.008159825441850318,
            "max": 0.09926552709105274,
            "count": 10
        },
        "LilBoat.Losses.Q1Loss.mean": {
            "value": 0.000465748244309772,
            "min": 8.819916517757695e-05,
            "max": 0.00052768573128178,
            "count": 10
        },
        "LilBoat.Losses.Q1Loss.sum": {
            "value": 0.09221815237333486,
            "min": 0.004913173199167911,
            "max": 0.105537146256356,
            "count": 10
        },
        "LilBoat.Losses.Q2Loss.mean": {
            "value": 0.00044460065160125474,
            "min": 6.718530746848097e-05,
            "max": 0.0005067113114809131,
            "count": 10
        },
        "LilBoat.Losses.Q2Loss.sum": {
            "value": 0.08803092901704844,
            "min": 0.003887802599754764,
            "max": 0.10134226229618262,
            "count": 10
        },
        "LilBoat.Policy.DiscreteEntropyCoeff.mean": {
            "value": 0.006460101965117249,
            "min": 0.006460101965117249,
            "max": 0.010009638935661437,
            "count": 10
        },
        "LilBoat.Policy.DiscreteEntropyCoeff.sum": {
            "value": 1.2791001890932154,
            "min": 0.45043375210476466,
            "max": 1.9994130339568055,
            "count": 10
        },
        "LilBoat.Policy.ContinuousEntropyCoeff.mean": {
            "value": 0.009999999776482582,
            "min": 0.009999999776482582,
            "max": 0.009999999776482582,
            "count": 10
        },
        "LilBoat.Policy.ContinuousEntropyCoeff.sum": {
            "value": 1.9799999557435513,
            "min": 0.4499999899417162,
            "max": 1.9999999552965164,
            "count": 10
        },
        "LilBoat.Policy.LearningRate.mean": {
            "value": 0.00030000000000000003,
            "min": 0.0003,
            "max": 0.00030000000000000003,
            "count": 10
        },
        "LilBoat.Policy.LearningRate.sum": {
            "value": 0.0594,
            "min": 0.013499999999999998,
            "max": 0.05999999999999999,
            "count": 10
        },
        "LilBoat.IsTraining.mean": {
            "value": 1.0,
            "min": 1.0,
            "max": 1.0,
            "count": 10
        },
        "LilBoat.IsTraining.sum": {
            "value": 1.0,
            "min": 1.0,
            "max": 1.0,
            "count": 10
        },
        "LilBoat.Environment.EpisodeLength.mean": {
            "value": 1776.6666666666667,
            "min": 617.0,
            "max": 3718.0,
            "count": 7
        },
        "LilBoat.Environment.EpisodeLength.sum": {
            "value": 5330.0,
            "min": 617.0,
            "max": 5330.0,
            "count": 7
        },
        "LilBoat.Environment.CumulativeReward.mean": {
            "value": 0.797366708618938,
            "min": -1.6312000338512007,
            "max": 2.539600166208402,
            "count": 8
        },
        "LilBoat.Environment.CumulativeReward.sum": {
            "value": 2.392100125856814,
            "min": -1.6312000338512007,
            "max": 2.539600166208402,
            "count": 8
        },
        "LilBoat.Policy.ExtrinsicReward.mean": {
            "value": 0.797366708618938,
            "min": -1.6312000338512007,
            "max": 2.539600166208402,
            "count": 8
        },
        "LilBoat.Policy.ExtrinsicReward.sum": {
            "value": 2.392100125856814,
            "min": -1.6312000338512007,
            "max": 2.539600166208402,
            "count": 8
        }
    },
    "metadata": {
        "timer_format_version": "0.1.0",
        "start_time_seconds": "1641763512",
        "python_version": "3.9.7 (default, Sep 16 2021, 16:59:28) [MSC v.1916 64 bit (AMD64)]",
        "command_line_arguments": "D:\\Program files\\Anaconda\\envs\\unity_rl\\Scripts\\mlagents-learn training.yaml --run-id mir01 --resume",
        "mlagents_version": "0.27.0",
        "mlagents_envs_version": "0.27.0",
        "communication_protocol_version": "1.5.0",
        "pytorch_version": "1.10.0",
        "numpy_version": "1.21.2",
        "end_time_seconds": "1641763891"
    },
    "total": 379.31354220000003,
    "count": 1,
    "self": 0.015158900000017184,
    "children": {
        "run_training.setup": {
            "total": 0.1312606999999999,
            "count": 1,
            "self": 0.1312606999999999
        },
        "TrainerController.start_learning": {
            "total": 379.1671226,
            "count": 1,
            "self": 1.3575539000005392,
            "children": {
                "TrainerController._reset_env": {
                    "total": 10.472462199999999,
                    "count": 1,
                    "self": 10.472462199999999
                },
                "TrainerController.advance": {
                    "total": 366.7901033999995,
                    "count": 6410,
                    "self": 0.1856360999989306,
                    "children": {
                        "env_step": {
                            "total": 366.6044673000006,
                            "count": 6410,
                            "self": 336.3092715000036,
                            "children": {
                                "SubprocessEnvManager._take_step": {
                                    "total": 30.085522799997328,
                                    "count": 6410,
                                    "self": 0.8953232999972407,
                                    "children": {
                                        "TorchPolicy.evaluate": {
                                            "total": 29.190199500000087,
                                            "count": 6410,
                                            "self": 5.578872799999754,
                                            "children": {
                                                "TorchPolicy.sample_actions": {
                                                    "total": 23.611326700000333,
                                                    "count": 6410,